keys,it
help_dialog_title,Aiuto
close_menu,Chiudi menu
exit_to_desktop,Esci dal gioco
close_and_save,Salva e chiudi
options,Opzioni
options_show_notification_popups,Mostra notifiche popup
options_language,Lingua
options_pickup_default,Raccolta: preselezione
options_pickup_default_group_category,Categoria
options_pickup_default_group_resource,Risorsa
minimap_show_tooltip,Mostra la minimappa
minimap_hide_tooltip,Nascondi la minimappa
options_repeat_default,Raccolta e trasporto: ripeti fino a {count} viaggi
options_production_delivery_default,Produzione: porta al deposito
options_volume_master,Volume generale
options_volume_music,Volume musica
options_volume_ambience,Volume ambiente
options_volume_sfx,Volume effetti
options_volume_ui,Volume interfaccia
task_repeat_checkbox,Ripeti (fino a {count} viaggi)
produce_deliver_checkbox,Porta al deposito
language_none,Predefinita (sistema)
language_italian,Italiano
language_english,Inglese
language_german,Tedesco
language_french,Francese
language_spanish,Spagnolo
back,Indietro
help_shortcuts_menu_link,Scorciatoie da tastiera
help_shortcuts_title,Scorciatoie da tastiera
help_arrow_keys,frecce
help_pan_camera,sposta la visuale
help_center_camera,centra la visuale sul player
help_zoom_max,zoom massimo
help_zoom_min,zoom minimo
help_instant_build,tenuto premuto durante il piazzamento: costruisce l'edificio istantaneamente invece di assegnare una Task
help_rotate_or_rest,"ruota la porta durante il piazzamento o la scelta dell'orientamento di un miglioramento; se nessuna anteprima è attiva assegna la Task Riposo all'individuo selezionato"
help_wander_task,"assegna la Task Passeggiata all'individuo selezionato: due tappe vicino alla casa o al villaggio, guardandosi intorno"
help_play_task,"assegna la Task Gioco (Corri-Salta-Corri-Salta, solo bambini) all'individuo selezionato"
help_stop_task,annulla il comando corrente dell'individuo selezionato (torna a riposo)
help_unload_here_task,tenuto premuto durante un click destro su un deposito: scarica lì tutto ciò che l'individuo selezionato porta in spalla
help_double_click_label,Doppio click sinistro
help_double_click_inspect_microcell,"ispeziona la microcella cliccata: risorse raccoglibili e vegetazione presente (funziona anche senza individuo selezionato). Il click singolo seleziona solo oggetti precisi (individui/edifici/sassi/piante), mai la cella intera."
help_debug_clear_backpack,(debug) svuota lo zaino dell'individuo selezionato
help_fog_of_war_menu_link,Nebbia di guerra
help_fog_of_war_title,Nebbia di guerra
"help_fog_of_war_intro,""Le zone del mondo che non hai mai esplorato restano nascoste sulla mappa. Quando ti sposti ed esplori una macrocella, questa diventa visibile e ne impari il contenuto (terreno, risorse, chi ci si trova)."""
"help_fog_of_war_memory_intro,""Se poi ti allontani e non ci torni per un po', il ricordo di quella zona non sparisce di colpo, ma sfuma gradualmente su tre livelli, ciascuno con la propria durata di memoria (più lunga per le cose che cambiano più lentamente):"""
"help_fog_of_war_tier_detail,""Dettaglio (posizione esatta di animali e persone): il primo a svanire, perché è l'informazione più effimera."""
"help_fog_of_war_tier_resources,""Risorse (piante, pietre, quantità disponibili): dura più a lungo del dettaglio."""
"help_fog_of_war_tier_terrain,""Terreno (tipo di suolo, biomi, fiumi, montagne): il più lento a essere dimenticato, perché cambia raramente."""
"help_fog_of_war_full_forget,""Se resti lontano abbastanza da superare anche l'ultima soglia, la cella torna completamente sconosciuta come se non l'avessi mai vista."""
"help_fog_of_war_persistence,""Questo comportamento è persistente: viene salvato e ricaricato correttamente con le partite salvate, quindi il tuo ricordo del mondo non si azzera riaprendo il gioco."""
"help_fog_of_war_per_macrocell,""È gestito per macrocella (non per singola microcella al suo interno): l'unità minima di quanto ricordi è sempre l'intera macrocella che hai visitato."""
help_era_advancement_menu_link,Avanzamento Era
help_era_advancement_title,Avanzamento Era
"help_era_advancement_intro,""Il tuo popolo attraversa Ere successive (periodi geologici e tecnologici, come il Paleolitico) man mano che la partita procede. Ogni Era ha le proprie condizioni di vita, che influenzano quanto a lungo vivono in media le persone del tuo popolo."""
"help_era_advancement_longevity,""Cambiare Era allunga o accorcia la durata delle fasce di età adulta e anziana: un'Era con condizioni di vita migliori porta a vite adulte più lunghe, una più dura le accorcia."""
"help_era_advancement_bands_unaffected,""Infanzia, adolescenza ed età fertile restano invece invariate da un'Era all'altra: sono le fasi più vecchie della vita a essere modulate dall'Era corrente, non quelle giovanili."""
"help_era_advancement_not_yet_active,""Questa meccanica è ancora in sviluppo: al momento non esiste ancora un modo per far avanzare il tuo popolo a un'Era successiva."""
statistics_tooltip,Statistiche
statistics_tab_mortality,Mortalità
statistics_tab_births,Nascite
statistics_tab_population,Popolazione
statistics_tab_buildings,Edifici
statistics_movement_cells,Vie di passaggio: {count} celle
tech_tree_tooltip,Albero delle tecnologie
tech_tree_requires_thought_building_tooltip,"Costruisci un cerchio di sassi: i tuoi abitanti potranno depositare i pensieri e sviluppare idee."
map_layers_tooltip,Layer della mappa
map_layer_none,Nessuno
map_layer_coming_soon,In arrivo
map_layer_walkability,Percorribilità
map_layer_work_areas,Aree di lavoro
map_layer_territory,Territorio
map_layer_known_zone,Zona conosciuta
map_layer_resources,Risorse
map_layer_fauna,Fauna
map_layer_cultural_influence,Influenza culturale
map_layer_political_influence,Influenza politica
map_layer_religious_influence,Influenza religiosa
tech_tree_title,Albero delle tecnologie
tech_tree_active_idea_label,Ricerca in corso: {idea}
tech_tree_no_active_idea,Nessuna ricerca in corso
tech_tree_debug_add_thought,+1 Thought
idea_paleolithic_constructions,Costruzioni Paleolitiche
idea_plant_lore,Conoscenza delle piante
idea_work_areas,Aree di raccolta
idea_work_areas_advanced,Aree di lavoro
idea_task_assignment,Assegnazione compiti
idea_warehouse_management,Gestione magazzino
idea_advanced_paleolithic_constructions,Costruzioni paleolitiche avanzate
idea_paleolithic_constructions_summary,Permette di costruire i primi ripari.
idea_paleolithic_constructions_description,"Rami, pelli e pietre diventano strutture in cui ripararsi e riposare."
idea_advanced_paleolithic_constructions_summary,Permette di costruire la capanna.
idea_advanced_paleolithic_constructions_description,"Pali robusti, intrecci e coperture solide danno ripari più grandi e duraturi."
idea_drying,Essiccazione
idea_drying_summary,Permette di costruire il graticcio per essiccare la carne.
idea_drying_description,"Stesa al sole e al vento su un graticcio, la carne si conserva molto più a lungo."
idea_smoking,Affumicatura
idea_smoking_summary,Permette di costruire l'affumicatoio.
idea_smoking_description,"Il fumo lento di un fuoco coperto conserva la carne e le dà sapore."
idea_plant_lore_summary,Il gruppo impara a riconoscere le erbe medicinali.
idea_plant_lore_description,"Osservando le piante, il gruppo impara a distinguere le erbe medicinali e a trovarle. Ora si possono raccogliere, ma nessuno sa ancora come usarle."
idea_herbal_medicine,Uso medicinale delle piante
idea_herbal_medicine_summary,Il gruppo impara a usare le erbe medicinali per curarsi.
idea_herbal_medicine_description,"Provando e riprovando, il gruppo scopre come preparare le erbe medicinali per curare ferite e malanni."
idea_work_areas_summary,Sblocca le aree di raccolta del cibo.
idea_work_areas_description,Il gruppo impara a delimitare zone in cui raccogliere il cibo.
idea_work_areas_advanced_summary,Sblocca le aree di lavoro per tutte le risorse.
idea_work_areas_advanced_description,"Il territorio si divide in zone dedicate alla raccolta di ogni risorsa e, in futuro, ad altre attività come la caccia."
idea_task_assignment_summary,Un abitante può distribuire i compiti.
idea_task_assignment_description,Un membro del gruppo coordina il lavoro e assegna i compiti agli altri.
idea_warehouse_management_summary,Un abitante può gestire il magazzino.
idea_warehouse_management_description,Un membro del gruppo tiene ordine nelle scorte e ne organizza i movimenti.
unlock_kind_idea,Ora puoi ricercare
unlock_kind_building,Sblocca edifici
unlock_kind_resource,Sblocca risorse
unlock_kind_tool,Nuove funzioni
unlock_next_ideas,Prossima idea da ricercare
unlock_tool_work_areas,Aree di raccolta per il cibo
unlock_tool_work_areas_advanced,Aree di lavoro per tutte le risorse
build_bar_work_areas_tooltip,Zone di lavoro
work_area_draw_banner_text,Trascina per disegnare una zona di lavoro (Esc o clic destro per uscire)
work_area_default_name,Zona {n}
work_area_job_haul,Raccolta
work_area_job_hunt,Caccia
work_area_selection_title,Zona di lavoro
work_area_name_tooltip,Nome della zona (Invio per confermare)
work_area_center_tooltip,Centra la camera sulla zona
work_area_size_label,Dimensioni: {w}×{h}
work_area_macro_label,"Macrocella ({x}, {y})"
work_area_color_caption,Colore
work_area_jobs_caption,Lavori
work_area_filter_all,Tutto
work_area_filter_food_only_hint,"Solo cibo: le altre risorse richiedono l'idea ""{idea}""."
work_area_filter_all_prey,Tutte le prede
work_area_redraw_button,Ridisegna
work_area_delete_button,Elimina
work_area_delete_confirm,Eliminare {name}?
work_area_delete_yes,Sì
work_area_delete_no,No
tech_tree_requires,Richiede: {ideas}
tech_tree_research_button,Ricerca questa idea
tech_tree_detail_placeholder,Clicca su un'idea per vederne i dettagli
era_paleolithic,Paleolitico
era_neolithic,Neolitico
idea_agriculture,Agricoltura
idea_agriculture_summary,Coltivare le piante invece di raccoglierle.
idea_agriculture_description,Il gruppo impara a seminare e a raccogliere nello stesso luogo.
tech_tree_unknown_idea,Idea sconosciuta
notification_ok,OK
tech_tree_cost,Costo: {cost} pensieri
tech_tree_select_idea_prompt,Seleziona un'idea da ricercare
tech_tree_state_completed,Completata
tech_tree_state_researching,In ricerca
tech_tree_state_available,Disponibile
tech_tree_state_locked,Bloccata
fertile_women_list,Donne fertili
death_list,Elenco morti
center_on_selection_tooltip,Centra la camera sulla selezione corrente
building_hut,Capanna
building_pebble_circle,Cerchio di sassi
building_deposit_site,Sito di deposito
building_stick_tent,Tenda di rami
building_hide_tent,Tenda di pelli
building_campfire,Focolare
building_toolmaker_hut,Capanna dell'attrezzista
building_storage_hut,Capanna di stoccaggio
building_category_residential,Residenziale
building_category_political,Politico
building_category_storage,Magazzino
building_category_movement,Percorribile
building_category_production,Produzione
building_category_military,Militare
building_category_religious,Religioso
building_drying_rack,Graticcio
building_smokehouse,Affumicatoio
building_burial,Cumulo sepolcrale
building_stacked_stones,Pietre rituali
building_earthwork,Vallo di terra
building_dirt_ground,Terra battuta
build_bar_pebble_circle_tooltip,Cerchio di sassi
build_bar_pebble_circle_disabled_tooltip,Non costruibile: esiste già un centro villaggio
build_bar_deposit_site_tooltip,Sito di deposito
build_bar_stick_tent_tooltip,Tenda di rami
build_bar_hide_tent_tooltip,Tenda di pelli
build_bar_campfire_tooltip,Focolare
build_bar_toolmaker_hut_tooltip,Capanna dell'attrezzista
build_bar_storage_hut_tooltip,Capanna di stoccaggio
build_bar_drying_rack_tooltip,Graticcio
build_bar_smokehouse_tooltip,Affumicatoio
build_bar_burial_tooltip,Cumulo sepolcrale
build_bar_stacked_stones_tooltip,Pietre rituali
build_bar_earthwork_tooltip,Vallo di terra
build_bar_dirt_ground_tooltip,Terra battuta
build_bar_requires_idea_tooltip,Richiede: {idea}
build_bar_requires_deposit_site_tooltip,Serve prima un deposito
demolish_confirmation_title,Demolisci edificio
demolish_confirmation_text,Demolire {building} #{id}?
demolish_confirmation_confirm,Demolisci
demolish_confirmation_cancel,Annulla
demolish_confirmation_site_title,Annulla cantiere
demolish_confirmation_site_text,Annullare il cantiere di {building} #{id}? Il materiale cade a terra.
demolish_confirmation_site_confirm,Annulla cantiere
notification_death,"{name} è morto/a per {cause} (età {age}, giorno {day})"
death_cause_old_age,vecchiaia
death_cause_murder,omicidio
death_cause_childbirth,parto
death_cause_starvation,fame
death_cause_illness,malattia
notification_birth,"{name} è {birth_verb}, {offspring_word} di {mother}"
notification_stillbirth,{mother} ha perso il bambino durante il parto
birth_verb_male,nato
birth_verb_female,nata
offspring_word_male,figlio
offspring_word_female,figlia
notification_idea_completed,Nuova idea completata: {idea}
notification_resource_decayed_individual,{name} ha perso {quantity} {resource} (deperiti)
notification_resource_decayed_building,{quantity} {resource} deperiti in {building} (#{id})
notification_building_material_needed,Serve materiale per avviare la costruzione di {building}
notification_body_reserve_started,{name} ha finito le provviste e sta consumando la riserva corporea
sex_label,Sesso: {sex}
sex_female,Femmina
sex_male,Maschio
sex_female_short,F
sex_male_short,M
vegetation_cut_button,Taglia
vegetation_subtype_label,Sottotipo: {subtype}
vegetation_age_label,Età: {age_band} ({years} anni)
stone_selection_title,Roccia
stick_lot_available_here_label,Bastoni qui: {quantity}
stick_lot_selection_title,Terreno boschivo
vegetation_cut_years_ago,Tagliato {years} anni fa
vegetation_dead_plant,Pianta morta
dead_body_age_label,Età alla morte: {age}
dead_body_cause_label,Causa: {cause}
dead_body_decomposes_label,Si decompone tra {days} giorni
ground_pile_title,Mucchio a terra
ground_pile_carcass_line,Carcassa di {species} ({age}) — marcisce tra {days} giorni
ground_pile_resource_line,{name}: {quantity}
ground_pile_decay_suffix,(deperito al {percent}%)
ground_pile_used_tools_suffix,(usi residui dei pezzi usati: {uses})
ground_pile_disappears_label,Sparisce tra {days} giorni
ground_pile_terrain_header,Sul terreno qui
building_ground_pile_caption,Mucchio a terra qui:
microcell_inspection_ground_pile_header,Mucchio a terra:
pickup_choice_source_ground_pile,Dal mucchio a terra
pickup_choice_source_terrain,Dal terreno
individual_kill_debug_button,Uccidi (debug)
individual_age_label,Età: {age} ({band})
task_activity_idle,A riposo
task_daydream_name,Sognare a occhi aperti
task_daydream_step_wander,Vagando nei dintorni
task_daydream_step_think,Riflettendo
task_daydream_step_return,Tornando al centro del villaggio
task_daydream_step_deposit,Condividendo un'idea
task_daydream_step_leave,Allontanandosi dal centro villaggio
task_unload_resource_name,Scaricare risorsa
task_unload_resource_step_walk,Andando a scaricare
task_unload_resource_step_unload,Scaricando
task_haul_resource_name,Raccolta
task_haul_resource_step_search,Cercando dove raccogliere
command_bar_gather_tooltip,Raccogli
command_bar_hunt_tooltip,Caccia
command_bar_coming_soon,In arrivo
command_bar_auto_zone,Scegli zona in automatico
command_bar_gather_no_zone_tooltip,Nessuna zona di lavoro con la raccolta abilitata
command_bar_hunt_no_zone_tooltip,Nessuna zona di lavoro con la caccia abilitata
hunt_order_dialog_title,Caccia nelle zone di lavoro
hunt_order_dialog_message,Il cacciatore pattuglia la zona e torna a cacciare finché non raggiunge la quantità scelta.
hunt_order_dialog_stop_prefix,Fermati dopo aver portato a casa
hunt_order_dialog_stop_suffix,di carne
work_area_hunt_needs_knife,{name} non può cacciare nelle zone: serve un coltello in cintura.
work_area_hunt_no_zone,{name}: nessuna zona di lavoro con la caccia abilitata.
hunt_no_weapon_left,"{name}: nessuna arma da caccia rimasta, la caccia si interrompe."
hunt_no_knife_carcass_left,"{name}: nessun coltello, la carcassa resterà a terra"
work_area_pick_banner_text,Scegli la zona (Esc per annullare)
work_area_gather_dialog_title,Raccogli nelle zone di lavoro
work_area_gather_dialog_message,Cosa raccogliere? La zona si sceglie in automatico.
work_area_gather_trips_label,Viaggi
work_area_gather_no_zone,"{name}: nessuna zona di lavoro valida per questa raccolta."
task_haul_resource_step_walk,Andando a raccogliere
task_haul_resource_step_pickup,Raccogliendo
task_transport_name,Trasporto
task_build_name,Costruzione
task_demolish_name,Demolizione
task_demolish_step_demolish,Demolendo
task_transport_step_walk_to_source,Andando a prelevare
task_transport_step_retrieve,Prelevando
task_transport_step_walk_to_destination,Andando a consegnare
task_transport_step_unload,Consegnando
task_leisure_restock_name,Rifornirsi
task_leisure_restock_step_walk,Andando al magazzino
task_leisure_restock_step_restock,Rifornendo le provviste
task_restock_step_backpack,Mangiando dallo zaino
task_emergency_restock_name,Rifornimento urgente
transport_dialog_title,Trasporta risorsa
transport_dialog_message,Scegli cosa prelevare da {building}:
transport_dialog_group_products,Prodotti
transport_dialog_group_delivered,Materiali consegnati
transport_dialog_quantity_label,Quantità:
transport_dialog_confirm,Conferma
transport_dialog_cancel,Annulla
pickup_choice_dialog_title,Scegli risorsa da raccogliere
pickup_choice_dialog_message,Questa posizione contiene più risorse raccoglibili:
pickup_choice_all,Tutto
pickup_choice_category_food,Cibo
pickup_choice_category_raw_material,Materiali
pickup_choice_category_medicinal,Medicinali
pickup_choice_all_food,Tutto il cibo
pickup_choice_all_raw_material,Tutti i materiali
pickup_choice_all_medicinal,Tutti i medicinali
pickup_choice_category_semi_finished,Semilavorati
pickup_choice_category_tool,Strumenti
pickup_choice_all_semi_finished,Tutti i semilavorati
pickup_choice_all_tool,Tutti gli strumenti
carried_resource_tooltip_pebble,Sassi
carried_resource_tooltip_stick,Rametti
carried_resource_tooltip_plant_fiber,Fibra vegetale
carried_resource_tooltip_berry,Bacche
carried_resource_tooltip_acorn,Ghiande
carried_resource_tooltip_fruit,Frutta selvatica
carried_resource_tooltip_mushroom,Funghi
carried_resource_tooltip_eggs,Uova
carried_resource_tooltip_wild_vegetables,Verdure selvatiche
carried_resource_tooltip_medicinal_herbs,Erbe medicinali
carried_resource_tooltip_fiber_rope,Corda di fibre
carried_resource_tooltip_wooden_spear,Lancia di legno
carried_resource_tooltip_stone_knife,Coltello di pietra
carried_resource_tooltip_bone_awl,Punteruolo d'osso
carried_resource_tooltip_hide_bag,Sacca di pelle
carried_resource_tooltip_meat,Carne cruda
carried_resource_tooltip_cooked_meat,Carne cotta
carried_resource_tooltip_dried_meat,Carne essiccata
carried_resource_tooltip_dried_hide,Pelle essiccata
carried_resource_tooltip_smoked_meat,Carne affumicata
carried_resource_tooltip_smoked_hide,Pelle affumicata
carried_resource_tooltip_hide,Pelle
carried_resource_tooltip_sinew,Tendini
carried_resource_tooltip_bone,Ossa
microcell_inspection_title,Microcella ({x}; {y})
microcell_inspection_only_grass,Contiene solo erba.
microcell_inspection_empty,Cella senza risorse.
microcell_inspection_building_occupied,Cella occupata da un edificio — click singolo per i dettagli
microcell_inspection_resources_header,Risorse raccoglibili:
microcell_inspection_resource_line,- {resource}: {quantity}
microcell_inspection_unknown_resource,- Risorsa sconosciuta
storage_slot_auto_progress_tooltip,Pronto tra {days} giorni
building_upgrade_button,Migliora in {building}
building_upgrade_materials,Materiali da portare: {items}
building_upgrade_recovered,Materiali recuperati: {items}
building_upgrade_labor,Lavoro: {labor}
building_upgrade_residents,Residenti massimi: {from} → {to}
building_upgrade_rest,Riposo: {from} → {to}
building_upgrade_nothing,nessuno
building_upgrade_residents_leave,I residenti escono durante i lavori.
building_upgrade_storage_not_empty,Svuota prima il magazzino dell'edificio.
building_upgrade_contents_to_ground,"Le scorte dell'edificio finiranno a terra in un mucchio all'avvio dei lavori."
upgrade_contents_confirmation_title,Migliora edificio
upgrade_contents_confirmation_text,Migliorare {building} #{id} in {target}?
upgrade_contents_confirmation_text_ground,"All'avvio dei lavori tutte le scorte del magazzino finiranno a terra in un mucchio accanto all'edificio, dove deperiscono più in fretta."
upgrade_contents_confirmation_text_warehouse,Conviene avere un altro magazzino dove portarle.
upgrade_contents_confirmation_confirm,Migliora
upgrade_pick_banner_text,🔨 Migliora in {building}: clicca un individuo (Esc per annullare)
build_bar_title_upgrade_orientation,{building} — Orientamento della porta
build_bar_orientation_rotate,ruota
build_bar_orientation_key_click,Clic
build_bar_orientation_confirm,conferma
build_bar_orientation_cancel,annulla
building_status_upgrade_in_progress,Miglioramento in corso: da {from} a {to}
building_command_empty_all_detail,"Il contenuto del magazzino e i prodotti finiti cadono a terra accanto all'edificio, dove deperiscono più in fretta."
building_command_empty_all_nothing,Non c'è nulla da svuotare.
building_command_demolish_detail,"L'edificio smette di funzionare finché un demolitore non lo abbatte."
building_command_cancel_site_detail,Il materiale già consegnato cade a terra.
building_command_cancel_upgrade_detail,"L'edificio torna com'era prima del miglioramento; il materiale portato in più cade a terra."
building_command_cancel_demolition_detail,L'edificio torna a funzionare.
building_command_cancel_demolition_started,La demolizione è già iniziata: non si può più annullare.
empty_all_confirmation_title,Svuota edificio
empty_all_confirmation_text,Svuotare {building} #{id}?
empty_all_confirmation_text_ground,"Tutto il contenuto del magazzino e i prodotti finiti cadono a terra in un mucchio accanto all'edificio (davanti alla porta, o nella microcella libera più vicina)."
empty_all_confirmation_text_decay,A terra le risorse deperiscono il doppio più in fretta e il mucchio sparisce dopo un tempo massimo.
empty_all_confirmation_text_lost,"Se non c'è una microcella libera, il contenuto va perso."
empty_all_confirmation_confirm,Svuota tutto
hunt_destination_caption,Destinazione
hunt_destination_campfire,Focolare
hunt_destination_drying_rack,Essiccatoio
hunt_destination_smokehouse,Affumicatoio
hunt_destination_warehouse,Magazzino
hunt_destination_not_yet_available,Non ancora disponibile
hunt_destination_requires_idea,Richiede: {idea}
hunt_destination_no_building,Nessun {building} costruito
command_bar_butcher_destination_tooltip,Destinazione dei prodotti della caccia: {name}
command_bar_group_work_areas,Aree di lavoro
command_bar_group_hunting,Caccia
build_bar_title_build,Costruzione
build_bar_title_buildings,Edifici
build_bar_title_work_areas,Aree di lavoro
building_auto_progress_line,"In essiccazione: {resource} ×{quantity}, pronta tra {days} giorni"
building_auto_progress_line_ready,"In essiccazione: {resource} ×{quantity}, pronta (in attesa di spazio)"
building_auto_progress_none,In essiccazione: nulla
microcell_inspection_vegetation_header,Vegetazione presente:
microcell_inspection_tree,Alberi
microcell_inspection_shrub,Arbusti
microcell_inspection_grass,Erba
pregnant,Incinta
individual_vitals_section_label,Parametri vitali:
individual_identity_line,{name} - {sex} - {age} - {band}
individual_stamina_label,Forza lavoro:
individual_carry_label,Carico:
individual_supplies_label,Provviste:
individual_food_calories_value,{calories} cal
individual_supplies_tooltip_pouch,Provviste: {used}/{capacity}
individual_supplies_tooltip_body,Riserva corporea (provviste esaurite): {current}/{max} cal
individual_thirst_label,Sete:
individual_health_label,Salute:
individual_happiness_label,Felicità:
individual_loyalty_label,Lealtà:
individual_faith_label,Fede:
individual_mind_section_label,Animo:
individual_skills_section_label,Skills:
skill_leadership_label,Leadership
skill_builder_label,Costruttore
skill_management_label,Gestione
skill_transporter_label,Trasportatore
skill_gathering_label,Lavori manuali
skill_cognition_label,Cognizione
skill_hunting_label,Caccia
skill_crafting_label,Artigianato
skill_ritual_label,Ritualità
individual_id_label,"ID: {id} (Folk {folk}, Gruppo {group})"
individual_mother_id_label,ID Madre: {id}
individual_father_id_label,ID Padre: {id}
individual_partner_id_label,ID Partner: {id}
individual_house_id_label,ID Casa: {id}
selection_title_name,Nome: {name}
selection_title_type,Tipo: {type}
game_info_tab_buildings,Edifici
buildings_panel_summary_label,"Edifici: {total} ({complete} completi, {under_construction} in costruzione)"
buildings_panel_center_button_tooltip,Centra e seleziona
game_info_tab_debug,Debug: Task
task_debug_panel_header,Debug: Task
task_debug_panel_clear_button,Svuota
task_debug_panel_refresh_button_tooltip,Aggiorna elenco
task_debug_panel_unnamed_task,(senza nome)
individual_queued_tasks_label,Azioni in coda:
building_status_label,Stato: {status}
building_status_complete,Completo
building_status_under_construction,In costruzione
building_status_marked_for_demolition,Da demolire
building_status_demolition_in_progress,In demolizione
building_demolish_button,Demolisci
building_influence_political_tooltip,"Influenza politica: raggio {radius}"
building_influence_political_none_tooltip,Nessuna influenza politica
building_influence_cultural_tooltip,"Influenza culturale: raggio {radius}"
building_influence_cultural_none_tooltip,Nessuna influenza culturale
building_influence_religious_tooltip,"Influenza religiosa: raggio {radius} · Sacralità {points} / {next}"
building_influence_religious_none_tooltip,Nessuna influenza religiosa
building_influence_religious_max_tooltip,"Influenza religiosa: raggio {radius} · Sacralità {points}"
building_influence_no_rite_tooltip,Nessun rito da oltre un anno: −{loss} sacralità all'anno
notification_influence_religious_level_up,"{building}: l'influenza religiosa sale a raggio {radius}."
notification_influence_religious_level_down,"{building}: l'influenza religiosa scende a raggio {radius}."
notification_auto_progress_completed,{building}: {resource} ×{quantity} pronta
notification_processing_station_full,{building} pieno: {resource} portata in magazzino
building_cancel_site_button,Annulla cantiere
building_assign_demolisher_button,Assegna demolitore
building_cancel_demolition_button,Annulla demolizione
demolisher_pick_banner_text,⛏️ Seleziona chi demolirà: clicca un individuo (Esc per annullare)
building_awaiting_material_label,Per allestire il cantiere servono ancora {quantity} {material}
building_assigned_builder_label,Costruttore assegnato: {names}
building_assigned_builder_missing,Costruttore assegnato: mancante
building_durability_label,Integrità: {current}/{max}
building_built_year_label,Costruito: anno {year}
building_not_yet_built,Non ancora costruito
building_built_year_unknown,Costruito: anno non noto
building_stored_label,Immagazzinato: {entries}
building_residents_caption,Residenti
building_influence_received_label,"Influenza ricevuta: {types}"
building_influence_received_none,nessuna
influence_type_political,politica
influence_type_cultural,culturale
influence_type_religious,religiosa
building_resident_tooltip,{name} (età {age})
building_storage_caption,Magazzino
building_settings_caption,Impostazioni
building_settings_accepted_categories_caption,Categorie accettate
building_settings_empty_all_button,Svuota tutto
category_name_food,Cibo
category_name_raw_material,Materiali grezzi
category_name_medicinal,Medicinali
category_name_semi_finished,Semilavorati
category_name_tool,Strumenti
help_building_materials_menu_link,Costruzioni e materiali
help_building_materials_title,Costruzioni e materiali
help_building_materials_setup_vs_construction,"Costruire un edificio richiede materiale in due fasi distinte: prima l'allestimento del cantiere (una quantità fissa di legnetti per ogni microcella occupata dall'edificio), poi la costruzione vera e propria, che in futuro richiederà i propri materiali."
help_building_materials_manual,"Oggi il gioco non genera da sé nessuna Task per procurare questo materiale: se manca, il cantiere resta semplicemente in attesa. Sei tu a doverlo portare sul posto, comandando a mano un individuo (raccogli il materiale e depositalo sul cantiere)."
help_building_materials_deposit_bonus,"Unica eccezione: il primissimo Deposito che costruisci, quando nel villaggio non esiste ancora nessun altro edificio con vero spazio di stoccaggio, riceve il proprio materiale di allestimento gratuitamente, così puoi sempre iniziare anche senza scorte."
help_building_materials_future,"Questa fornitura manuale sarà necessaria finché non scoprirai i futuri sistemi di gestione delle Task e dei magazzini: da quel momento in poi il gioco potrà occuparsene in autonomia."
notification_build_capacity_full,"Questo edificio è già in costruzione da {current} individui su un massimo di {max}."
building_construction_phase_label,{phase}: {percent}%
building_construction_phase_setup_site,Allestimento cantiere
building_construction_phase_clear_site,Pulizia del terreno
building_construction_phase_build,Costruzione
building_awaiting_material_build_caption,Per completare la costruzione servono:
transport_selection_banner_text,"🚚 Trasporto: seleziona l'edificio di destinazione (H per annullare)"
debug_idle_fallback_button_tooltip,"Attiva/disattiva l'assegnazione automatica di task perditempo (Passeggiata, Esplorazione, Gioco, Oziare, Sognare a occhi aperti, Rifornirsi, Rito spontaneo) agli individui liberi"
random_event_test_name,Evento di prova
random_event_test_popup,Evento di prova (giorno {day}): il sistema degli eventi funziona.
debug_random_event_apply,Applica evento
debug_random_event_apply_tooltip,Scatena subito l'evento scelto nel menu
debug_idle_fallback_on,Perditempo: ON
debug_idle_fallback_off,Perditempo: OFF
building_awaiting_fuel_production_label,"Combustibile mancante: {amount} ({fuels})"
building_production_suspended_label,"Produzione sospesa: {resource}, {percent}% completata"
building_delivered_materials_caption,Materiali di partenza:
building_site_delivered_materials_caption,Materiale consegnato:
task_produce_name,Produzione
task_produce_step_walk,Andando alla postazione di lavoro
task_produce_step_produce,Producendo
task_produce_step_deliver,Consegnando al magazzino
building_output_buffer_caption,Prodotti finiti {used}/{capacity}
building_output_buffer_full,Prodotti finiti pieni: ritirali per continuare a produrre
building_production_recipes_caption,Produzione
building_selection_title,{type}   ID: {id}
building_production_status_caption,In produzione:
building_production_status_none,nulla
building_production_status_item_tooltip,{resource} ×{quantity} ({percent}%)
building_production_needs_caption,Per questa produzione serve:
recipe_tooltip_ingredients,Ingredienti: {items}
recipe_tooltip_fuel,Combustibile: {amount}
recipe_tooltip_labor,Lavoro: {labor}
recipe_tooltip_tools,Attrezzo richiesto: {tools}
produce_recipe_disabled_busy,"Postazione già impegnata: produzione assegnata a {workers}"
produce_recipe_disabled_output_full,Prodotti finiti pieni: ritirali prima di avviare una nuova produzione
produce_assign_banner_text,⚒️ Produci {resource}: clicca un individuo (Esc per annullare)
task_produce_activity,Produzione: {resource}
task_hunt_name,Caccia
task_hunt_step_approach,Avvicinandosi alla preda
task_hunt_step_hunt,Cacciando
task_hunt_step_aim,Prendendo la mira
task_hunt_step_throw,Scagliando
task_butcher_name,Macellazione
task_butcher_step_walk,Andando alla carcassa
task_butcher_step_butcher,Macellando
task_butcher_step_return_to_pile,Tornando al mucchio della preda
task_activity_butcher,macellare
task_hunt_step_recover_weapon,Recuperando l'arma
task_hunt_activity,Caccia: {species}
task_hunt_zone_name,Caccia
task_hunt_zone_step_patrol,Pattugliando la zona
task_hunt_zone_activity_series,{task} ({zone}) {delivered}/{target} carne
animal_selection_title,Animale
animal_species_label,Specie: {species}
animal_age_band_label,Età: {age_band}
animal_species_rabbit,Coniglio
animal_species_partridge,Pernice
animal_species_deer,Cervo
animal_species_boar,Cinghiale
animal_species_mouflon,Muflone
animal_species_bezoar,Capra bezoar
animal_species_tarpan,Tarpan
animal_species_wild_donkey,Asino selvatico
animal_species_aurochs,Uro
animal_species_wolf,Lupo
animal_age_band_young,Giovane
animal_age_band_adult,Adulto
animal_age_band_old,Anziano
tool_gate_missing_tools,{name} non può iniziare: servono attrezzi per {tools}.
tool_gate_belt_full,"{name} non può iniziare: la cintura è piena, libera uno slot per {tool}."
tool_gate_cannot_equip,{name} non può iniziare: lo zaino è troppo pieno per spostare {tool} nella cintura.
tool_gate_hunt_no_weapon,{name} non può andare a caccia: gli serve un'arma da caccia{examples}.
tool_gate_hunt_weapon_examples,(es. {tools})
task_reject_too_young,{name} è troppo giovane per {activity}.
task_reject_age_not_allowed,{name} non ha l'età adatta per {activity}.
task_reject_low_stamina,{name} non ha abbastanza energie per {activity}: prima deve riposare.
task_reject_generic,{name} non può {activity} adesso.
task_activity_hunt,andare a caccia
task_activity_produce,produrre
task_activity_transport,trasportare materiale
task_activity_pickup,raccogliere
task_activity_unload,depositare
task_activity_build,costruire
task_activity_demolish,demolire
task_activity_equip_tool,prendere un attrezzo
task_activity_store_tool,riporre un attrezzo
task_reject_transport_not_needed,{name} non può trasportare: {building} non ha bisogno di {resource}.
tool_equip_no_source,Nessun magazzino raggiungibile ha {tool}
tool_category_hunting,caccia
tool_category_cutting,taglio
tool_category_digging,scavo
tool_category_crafting,lavorazione
tool_category_butchering,macellazione
tool_category_combat,combattimento
tool_category_sewing,cucito
tool_category_carrying,trasporto
tool_category_chopping,abbattimento
individual_cancel_task_tooltip,Annulla l'attività in corso (come il tasto H)
tool_gate_assigned_waiting,{name} aspetta gli attrezzi per iniziare: {tools}. Portaglieli nello zaino e partirà da solo.
tool_gate_category_with_examples,{category} (es. {examples})
tool_gate_waiting_tools,Attrezzi mancanti: {tools}
tool_gate_waiting_belt_full,"In attesa: cintura piena, libera uno slot per {tool}"
tool_gate_waiting_cannot_equip,In attesa: zaino troppo pieno per spostare {tool} nella cintura
task_equip_tool_name,Prendi attrezzo
task_store_tool_name,Riponi attrezzo
tool_storage_menu_empty,Nessun attrezzo nei magazzini
tool_store_no_storage,Nessun magazzino può accettare {tool}
tool_slot_empty_tooltip,Slot vuoto — click destro: prendi un attrezzo da un magazzino
tool_slot_full_tooltip,{tool} — click sinistro: rimetti nello zaino; click destro: riponi in un magazzino
tool_slot_uses_line,Usi residui: {uses}/{max}
tool_slot_carry_bonus_line,+{bonus} capacità di trasporto
tool_broken_warning,{name}: attrezzo rotto — {tool}.
tool_storage_dialog_title,Prendi un attrezzo
tool_storage_dialog_message,Scegli l'attrezzo da prendere dal magazzino più vicino:
task_equip_tool_step_retrieve,Prendendo l'attrezzo
task_store_tool_step_unload,Riponendo l'attrezzo
task_equip_tool_step_walk,Andando a prendere l'attrezzo
task_store_tool_step_walk,Andando a riporre l'attrezzo
building_assigned_worker_label,Lavoratore assegnato: {names}
building_assigned_worker_missing,Lavoratore assegnato: mancante
building_cancel_work_tooltip,Annulla il lavoro su questo edificio per chi ci sta lavorando (il lavoro già fatto resta)
debug_visitor_spawn_tooltip,Lancia l'evento Arrivo di una famiglia (richiede il centro del villaggio)
visitor_decision_family_title,Arrivo di una famiglia
visitor_decision_family_text,Una famiglia è arrivata al centro del villaggio e chiede di unirsi a voi:
visitor_decision_family_question,La accogliete nel villaggio?
visitor_decision_accept,Accogli
visitor_decision_reject,Rifiuta
visitor_member_man,Uomo di {age} anni
visitor_member_woman,Donna di {age} anni
visitor_member_boy,Bambino di {age} anni
visitor_member_girl,Bambina di {age} anni
random_event_family_arrival_name,Arrivo di una famiglia
discovery_popup_title,Scoperta
options_show_discovery_hints,Mostra spiegazioni delle scoperte
discovery_first_thought_building_title,Il centro del villaggio
discovery_first_thought_building_p1,"Qui i tuoi abitanti depositano i pensieri: accumulandoli, il villaggio sviluppa nuove idee."
discovery_first_thought_building_p2,"Scegli dall'albero delle idee quale ricercare: ogni idea completata sblocca edifici, risorse o nuove funzioni."
discovery_first_thought_building_gift_title,La prima idea del villaggio: {idea}
discovery_first_thought_building_gift_p1,"Accumulando i primi pensieri, il villaggio ha avuto la sua prima idea, in dono."
discovery_first_thought_building_gift_p2,Ora puoi disegnare sulla mappa un'area di raccolta e mandarci un abitante: sceglierà da solo dove e quanto cibo raccogliere.
build_blocked_cut_trees_first,Taglia prima alberi e arbusti
task_rest_name,Riposo
task_rest_step_rest,Riposando
task_rest_step_walk_away,Allontanandosi
task_emergency_rest_name,Riposo d'emergenza
task_leisure_rest_name,Oziare
task_wander_name,Passeggiata
task_wander_step_walk,Passeggiando
task_wander_step_look_around,Guardandosi intorno
task_play_name,Gioco
task_play_step_run,Correndo
task_play_step_jump,Saltando
task_build_step_setup_site,Allestendo il cantiere
task_build_step_clear_site,Sgomberando il terreno
task_build_step_build,Costruendo
building_site_materials_progress_caption,Materiale (consegnato/richiesto):
building_production_materials_caption,Materiali per la produzione (disponibili/richiesti):
task_rite_name,Rito
task_rite_step_rite,Celebrando il rito
task_activity_rite,celebrare un rito
rite_simple_name,Rito semplice
rite_dialog_title,Rito
rite_dialog_message,Scegli il rito da celebrare:
rite_reject_building_busy,C'è già un rito assegnato o in corso presso questo edificio
"rite_reject_none_available","{name} non può celebrare nessun rito qui (età o ritualità insufficienti)"
rite_interrupted,Rito interrotto ({name})
task_leisure_rite_name,Rito spontaneo
population_sort_tooltip,Ordina per: {option}
population_sort_age,Età
population_sort_name,Nome
population_sort_house,Casa
individual_mother_label,Madre: {person}
individual_father_label,Padre: {person}
individual_partner_label,Partner: {person}
individual_relative_unknown_female,sconosciuta
individual_relative_unknown_male,sconosciuto
individual_relative_alive,{name} (#{id})
individual_relative_dead,{name} † (#{id})
individual_house_tooltip,Casa: {name} (#{id})
individual_no_house,Senza casa
task_explore_name,Esplorazione
task_explore_step_walk,Esplorando
task_explore_step_look_around,Guardandosi intorno
building_covered_depot,Deposito coperto
build_bar_covered_depot_tooltip,Deposito coperto
build_bar_deposit_site_description,"Spiazzo all'aperto: le scorte si conservano peggio."
build_bar_covered_depot_description,"Spiazzo con tettoia: stesso spazio del sito di deposito, scorte conservate meglio."
build_bar_storage_hut_description,"Capanna chiusa con porta: più slot e più spazio per slot, scorte conservate meglio."
building_upgrade_storage,"Capienza: {from_slots} slot da {from_space} ({from_total}) → {to_slots} slot da {to_space} ({to_total})"
building_upgrade_conservation,Conservazione
building_info_storage,"Capienza: {slots} slot da {space} ({total})"
building_info_conservation,Conservazione
building_info_residents,Residenti massimi: {count}
building_info_rest,Riposo: {value}
building_info_concurrent_orders,Lavori contemporanei: {count}
building_info_production_multipliers,"Lavoro ×{labor}, combustibile ×{fuel}"
building_info_max_durability,Integrità massima: {value}
building_info_political_radius,Raggio politico: {radius}
building_info_cultural_radius,Raggio culturale: {radius}
help_explore_task,"assegna la Task Esplorazione all'individuo selezionato: due tratti in direzione casuale, guardandosi intorno, e ritorno al punto di partenza (non per i bambini)"
task_activity_explore,esplorare
help_emergency_rest_task,assegna la Task Riposo d'emergenza all'individuo selezionato
help_leisure_restock_task,"assegna la Task Rifornirsi all'individuo selezionato: va a un magazzino a fare provviste"
help_gather_command,"Raccogli nelle zone di lavoro (barra dei comandi, con un individuo selezionato)"
help_hunt_command,"Caccia nelle zone di lavoro (barra dei comandi, se c'è una zona con la caccia attiva)"
help_auto_zone_command,attiva/disattiva la scelta automatica della zona di lavoro (barra dei comandi)
help_cycle_map_layer,passa al layer della mappa successivo (compreso nessuno)
help_escape_cancel,"annulla la scelta in corso: lavoratore col mirino, orientamento del miglioramento, disegno o scelta di una zona"
building_info_conservation_row,{category}: {value}
building_upgrade_conservation_row,{category}: {from} → {to}
building_info_labor_multiplier,Lavoro richiesto: {value}
building_info_fuel_multiplier,Combustibile richiesto: {value}
building_info_defense,Difesa: {value}
building_info_buried,Sepolti: {count}/{max}
rite_memorial_name,Ricordo dei defunti
command_bar_group_actions,Azioni
command_bar_group_options,Opzioni
task_bury_name,Sepoltura
task_bury_activity,Seppellire {name}
task_bury_activity_carry,Porta il corpo di {name}
task_bury_step_walk_body,Andando dal corpo
task_bury_step_pickup_body,Prendendo il corpo
task_bury_step_carry_body,Portando il corpo al cumulo
task_bury_step_put_down_body,Posando il corpo accanto al cumulo
task_activity_bury,seppellire un corpo
notification_bury_no_mound,{name} ha posato il corpo di {body}: nessun cumulo sepolcrale con posti liberi
dead_body_bury_status_pending,Da seppellire
dead_body_bury_status_assigned,Sepoltura assegnata a {name}
bury_reject_no_mound,{name} non può seppellire {body}: nessun cumulo sepolcrale con posti liberi.
bury_reject_already_assigned,La sepoltura di {body} è già assegnata a {assignee}.
rite_funeral_name,Funerale
task_bury_step_funeral,Celebrando il funerale
task_bury_activity_funeral,Funerale di {name}
building_info_burial_capacity,Capienza: {max} sepolti
building_buried_entry,{name} · anno {year}
building_sacredness,Sacralità: {points} / {next}
building_sacredness_max,Sacralità: {points}
building_sacredness_radius,Raggio: {radius} (+{bonus})
building_info_religious_radius_range,"Raggio religioso: base {base}, massimo {max}"
task_procession_name,Corteo
task_procession_step_follow,Seguendo il corteo
procession_funeral_text,Corteo funebre di {name}
notification_unburied_body,{name} non ha ricevuto sepoltura: il villaggio perde fede e felicità.
notification_unburied_body_warning,Il corpo di {name} attende sepoltura: restano {days} giorni.
game_info_tab_pending,In sospeso
pending_empty,Niente in sospeso
pending_center_tooltip,Centra e seleziona
pending_not_centerable,Fuori dalla zona caricata: non si può centrare
pending_body,{name} · restano {days} giorni
pending_build,Cantiere · {building}
pending_upgrade,Miglioramento · {building}
pending_demolish,Demolizione · {building}
pending_produce,Produzione · {building} · {product}
rite_reject_no_buried,Nessun defunto da ricordare
building_cancel_production_order_tooltip,Annulla questo ordine
produce_reject_orders_full,{building}: ordini al completo (massimo {max}).
building_assign_production_worker_button,Assegna
building_assign_production_worker_tooltip,Scegli chi riprenderà questo ordine
produce_keep_for_building_checkbox,Tieni per l'edificio
produce_keep_for_building_tooltip,"Gli attrezzi prodotti vanno nell'Attrezzeria dell'edificio, se c'è posto"
toolkit_caption,Attrezzeria ({used}/{types} tipi)
toolkit_empty,vuota
toolkit_click_to_return,Clic: rimetti nel magazzino
toolkit_click_to_store,Clic: sposta un pezzo nell'Attrezzeria
toolkit_reject_full,Nell'Attrezzeria non c'è posto per {tool}.
toolkit_reject_storage_full,Nel magazzino non c'è posto per {tool}.
building_info_toolkit,"Attrezzeria: {types} tipi di attrezzo, {units} pezzi ciascuno"
building_info_toolkit_usage,Chi lavora qui usa gli attrezzi dell'edificio
toolkit_tooltip_count_one,{name} · 1 pezzo
toolkit_tooltip_count,{name} · {count} pezzi
toolkit_tooltip_in_use,In uso: {uses} su {max}
toolkit_tooltip_spare,Di scorta: {count} ({uses})
toolkit_tooltip_uses_of,{uses} su {max}
toolkit_click_to_return_spare,Clic: rimetti nel magazzino un pezzo di scorta
carried_resource_tooltip_dried_hide_bag,Sacca di pelle essiccata
carried_resource_tooltip_stone_spear,Lancia con punta di pietra
carried_resource_tooltip_bow,Arco
carried_resource_tooltip_arrow_bundle,Mazzo di frecce
tool_category_ammo,munizioni
tool_gate_hunt_no_ammo,{name}: mancano le munizioni per {weapon}
carried_resource_tooltip_stone_axe,Accetta rudimentale
carried_resource_tooltip_wood,Tronco
task_cut_name,Taglio
task_cut_step_cut,Tagliando la pianta
task_activity_cut,tagliare una pianta
cut_choice_dialog_title,Pianta
cut_choice_dialog_message,Cosa vuoi fare con questa pianta?
cut_choice_gather,Raccogli
cut_choice_cut,Taglia
cut_reject_reserved,Questa pianta è già nel lavoro di {name}.
cut_reject_queue_full,{name} ha già troppi lavori in coda.
pickup_no_storage_for_resource,{name}: nessun deposito ha posto per {resource}
stone_rock_label,Pietra estraibile: {quantity}
carried_resource_tooltip_stone,Pietra
carried_resource_tooltip_bone_pick,Piccone d'osso
task_quarry_name,Estrazione
task_quarry_step_quarry,Estraendo la pietra
task_activity_quarry,estrarre la pietra
quarry_choice_dialog_title,Roccia
quarry_choice_dialog_message,Cosa vuoi fare con questa roccia?
quarry_choice_gather,Raccogli sassi
quarry_choice_quarry,Estrai pietra
quarry_reject_reserved,Questa roccia è già nel lavoro di {name}.
quarry_reject_exhausted,Roccia esaurita
building_info_output_to_storage,Prodotti finiti: nel magazzino
building_info_output_to_collect,Prodotti finiti: da ritirare (max {max})
microcell_inspection_unexplored,Cella non esplorata
microcell_inspection_nothing_remembered,Nessun oggetto ricordato
pickup_no_room_for_resource,{name} non ha spazio per trasportare {resource}
vegetation_type_tree,Albero
vegetation_type_shrub,Arbusto
plant_name_tree_wood_only,Albero
plant_name_tree_wood_only_gender,m
plant_name_tree_wild_fruit,Albero da ghiande
plant_name_tree_wild_fruit_gender,m
plant_name_tree_domesticable_fruit,Albero da frutto
plant_name_tree_domesticable_fruit_gender,m
plant_name_tree_conifer,Conifera
plant_name_tree_conifer_gender,f
plant_name_shrub_wood_only,Arbusto
plant_name_shrub_wood_only_gender,m
plant_name_shrub_fruit_bearing,Arbusto da bacche
plant_name_shrub_fruit_bearing_gender,m
plant_age_young_m,giovane
plant_age_young_f,giovane
plant_age_adult_m,adulto
plant_age_adult_f,adulta
plant_age_old_m,vecchio
plant_age_old_f,vecchia
cut_plant_reserved_note,(già in taglio)
resource_plural_wood,Tronchi
resource_plural_stick,Rametti
work_area_job_quarry,Estrazione
command_bar_quarry_tooltip,Estrai
command_bar_quarry_no_zone_tooltip,Nessuna zona di lavoro con l'estrazione abilitata
command_bar_job_locked_tooltip,Serve l'idea «{idea}»
work_area_quarry_no_rock,Nessuna roccia con pietra disponibile nella zona
unlock_job_hunt,Caccia nelle zone
unlock_job_quarry,Estrazione nelle zone
quarry_order_dialog_title,Estrazione nelle zone
quarry_order_dialog_message,Quante pietre estrarre prima di fermarsi?
quarry_order_dialog_count,Pietre da estrarre
quarry_series_stopped,"{name}: estrazione interrotta a {done}/{total}: {reason}"
series_stop_no_storage,nessun deposito ha posto per {resource}
series_stop_no_room,non ha spazio per trasportare {resource}
series_stop_no_tool,manca l'attrezzo per {tools}
series_stop_no_rock,nessuna roccia con pietra nella zona
series_stop_zone_gone,la zona non è più disponibile
individual_family_tooltip,Famiglia
human_type_title,"{band}, {sex}"
age_band_infant_male,Neonato
age_band_infant_female,Neonata
age_band_child_male,Bambino
age_band_child_female,Bambina
age_band_teenager_male,Adolescente
age_band_teenager_female,Adolescente
age_band_fertile_adult_male,Adulto fertile
age_band_fertile_adult_female,Adulta fertile
age_band_mature_adult_male,Adulto maturo
age_band_mature_adult_female,Adulta matura
age_band_old_male,Anziano
age_band_old_female,Anziana
human_type_age_range,"Età: da {from} a {to} anni"
human_type_age_from,Età: da {from} anni in su
human_type_desc_infant,Appena nato: dipende in tutto dalla madre e non lavora.
human_type_desc_child,Cresce e impara giocando; non può ancora fare lavori.
human_type_desc_teenager,Quasi adulto: aiuta nei lavori di tutti i giorni ma non va ancora a caccia.
human_type_desc_fertile_adult,Nel pieno delle forze: può fare ogni lavoro e avere figli.
human_type_desc_mature_adult,Adulto esperto: fa ogni lavoro ma non ha più figli.
human_type_desc_old,In età avanzata: le forze calano ma sa ancora rendersi utile.
human_type_carry,Capienza di trasporto: {value}
human_type_size_factors,"taglia per età {age}, per sesso {sex}"
human_type_tool_slot_bonus,"+{bonus} per ogni posto attrezzo vuoto ({slots} posti)"
human_type_food_space,Provviste: {value}
human_type_calories,Consumo giornaliero: {value} calorie
human_type_stamina,Energia massima: {value}
human_type_thirst,Sete massima: {value}
human_type_health,Salute massima: {value}
human_type_happiness,Felicità massima: {value}
human_type_loyalty,Lealtà massima: {value}
human_type_faith,Fede massima: {value}
human_type_can_have_children,Può avere figli
human_type_cannot_have_children,Non può avere figli
human_type_jobs_allowed,Può: {jobs}
human_type_jobs_forbidden,Non può: {jobs}
